id;start_date;end_date;plan_name
1;2023-12-03T01:17:57;2023-12-03T00:45:40;evenly boohoo solemnly
2;2023-12-02T23:00:06;2023-12-02T23:13:08;deadly an ick
3;2023-12-03T04:20:19;2023-12-02T20:21:53;even
4;2023-12-03T06:24:46;2023-12-03T15:12:40;misfire finally
5;2023-12-02T19:41:48;2023-12-03T10:38:57;deafening indeed curiously
6;2023-12-03T14:43:49;2023-12-03T04:02:20;schlepp amidst
7;2023-12-03T10:42:18;2023-12-02T19:02:46;yowza firm breakable
8;2023-12-03T05:34:17;2023-12-03T16:16:36;youthful save
9;2023-12-03T01:03:39;2023-12-02T23:44:50;blah corrupt incidentally
10;2023-12-03T11:47:47;2023-12-03T09:36:39;quiet
